,age,Impressions,Clicks,Spent,Total_Conversion,Approved_Conversion,CTR,Conversion_Rate,CPA
0,30-34,67672081,9482.0,15250.809986345,1305,441.0,0.014011686739764955,4.650917527947691,34.58233556994331
1,35-39,42022402,7094.0,11112.429994335,591,199.0,0.016881471934897963,2.8051874823794756,55.84135675545226
2,40-44,39551158,7736.0,11589.729980838,499,162.0,0.019559477879257037,2.094105480868666,71.54154309159259
3,45-49,63699120,13852.0,20750.669996654,655,199.0,0.021745983304007968,1.4366156511695063,104.27472360127638
