,xyz_campaign_id,Impressions,Clicks,Spent,Total_Conversion,Approved_Conversion,Conversion Rate (%)
0,916,448046,113.0,149.710000657,39,16.0,14.15929203539823
1,936,7796756,1983.0,2891.779998901,354,116.0,5.849722642460918
2,1178,204699959,36068.0,55662.149958614,2657,869.0,2.4093379172673837
