,xyz_campaign_id,Impressions,Clicks,Total_Conversion,Approved_Conversion,Impressions_to_Clicks (%),Clicks_to_Total_Conversions (%),Total_to_Approved_Conversions (%),Overall_Conversion_Rate (%)
0,916,448046,113.0,39,16.0,0.025220624668002838,34.51327433628318,41.02564102564102,0.0035710618998942073
1,936,7796756,1983.0,354,116.0,0.025433654714858336,17.851739788199698,32.7683615819209,0.0014877982586603967
2,1178,204699959,36068.0,2657,869.0,0.017619935136381732,7.366640789619608,32.70605946556267,0.0004245237782387636
