,xyz_campaign_id,Impressions,Clicks,Spent,Total_Conversion,Approved_Conversion,CTR (%),Conversion Rate (%),CPA ($),CPC ($)
0,916,448046,113.0,149.710000657,39,16.0,0.025220624668002838,14.15929203539823,9.3568750410625,1.3248672624513274
1,936,7796756,1983.0,2891.779998901,354,116.0,0.025433654714858336,5.849722642460918,24.929137921560343,1.4582854255678266
2,1178,204699959,36068.0,55662.149958614,2657,869.0,0.017619935136381732,2.4093379172673837,64.05310697193785,1.543255793462737
