,Total_Conversion,Approved_Conversion
count,938.0,512.0
mean,3.251599147121535,1.955078125
std,4.859676898017645,2.176177188629445
min,0.0,1.0
25%,1.0,1.0
50%,1.0,1.0
75%,3.0,2.0
max,60.0,21.0
sum,3050.0,1001.0
