,Stage,Count,Drop-off from Previous Stage (%)
0,Impressions,212944761.0,0.0
1,Clicks,38164.0,99.98207798124697
2,Total Conversions,3050.0,92.00817524368516
3,Approved Conversions,1001.0,67.18032786885246
