,Gender vs Conversion Rates,Age vs Conversion Rates,Interest vs Conversion Rates
0,15.528395873127458,29.862439259811545,530.3255624984187
1,0.3430140243681303,0.9198719045519426,0.6767830559320686
