,gender,Impressions,Clicks,Spent,Total_Conversion,Approved_Conversion,CTR,Conversion_Rate,CPA
0,F,114706421,23877.0,34501.029963335,1555,465.0,0.020815748405226594,1.9474808393014198,74.19576336201075
1,M,98238340,14287.0,24202.609994837,1495,536.0,0.014543201768270921,3.751662350388465,45.15412312469589
